{
  "results": [
    {
      "command": "./bin/ycsb load rocksdb -P workloads/workloada -p rocksdb.dir=/tmp/rocksdb-ycsb && ./bin/ycsb run rocksdb -P workloads/workloada -p rocksdb.dir=/tmp/rocksdb-ycsb",
      "mean": 12.48726100322,
      "stddev": 0.19744705849980637,
      "median": 12.45860918152,
      "user": 78.42299418,
      "system": 4.934500259999999,
      "min": 12.22323187852,
      "max": 12.84493099052,
      "times": [
        12.84493099052,
        12.35940821652,
        12.297803547520001,
        12.22323187852,
        12.669481556520001,
        12.46574826852,
        12.46876582252,
        12.717385138520001,
        12.374384518520001,
        12.451470094520001
      ],
      "memory_usage_byte": [
        638349312,
        638349312,
        638349312,
        638349312,
        638349312,
        650784768,
        650784768,
        650784768,
        650784768,
        650784768
      ],
      "exit_codes": [
        0,
        0,
        0,
        0,
        0,
        0,
        0,
        0,
        0,
        0
      ]
    }
  ]
}
