{
  "results": [
    {
      "command": "./target/release/tectonic-cli ycsb -w a -s 0.01 -d rocksdb",
      "mean": 1.80496425666,
      "stddev": 0.04581409901307163,
      "median": 1.78890608226,
      "user": 1.7487391799999998,
      "system": 1.17914042,
      "min": 1.76780251176,
      "max": 1.89484260076,
      "times": [
        1.80097064376,
        1.7906840487600002,
        1.78712811576,
        1.79719920376,
        1.7799590097600002,
        1.77488957876,
        1.88391457876,
        1.76780251176,
        1.89484260076,
        1.77225227476
      ],
      "memory_usage_byte": [
        774942720,
        777486336,
        777486336,
        777486336,
        777486336,
        777486336,
        777486336,
        777486336,
        777805824,
        777805824
      ],
      "exit_codes": [
        0,
        0,
        0,
        0,
        0,
        0,
        0,
        0,
        0,
        0
      ]
    }
  ]
}
