{
  "results": [
    {
      "command": "./target/release/tectonic-cli ycsb -w a -d rocksdb",
      "mean": 79.94630452557999,
      "stddev": 3.364773934922639,
      "median": 80.15729246978,
      "user": 50.6986141,
      "system": 30.44541016,
      "min": 74.16793992728,
      "max": 84.72882733128,
      "times": [
        74.92411047728,
        81.75955066628,
        78.62296572628,
        83.12967899428,
        80.58895401628,
        79.72563092328,
        82.11758709828,
        79.69780009528,
        84.72882733128,
        74.16793992728
      ],
      "memory_usage_byte": [
        708653056,
        714649600,
        732020736,
        743497728,
        745340928,
        759685120,
        759685120,
        797499392,
        816226304,
        817631232
      ],
      "exit_codes": [
        0,
        0,
        0,
        0,
        0,
        0,
        0,
        0,
        0,
        0
      ]
    }
  ]
}
