{
  "results": [
    {
      "command": "./target/release/tectonic-cli benchmark -w example-specs/ycsb/a.spec.json -d rocksdb",
      "mean": 71.84801837896,
      "stddev": 7.62138970120087,
      "median": 72.18873737566,
      "user": 45.47070296,
      "system": 27.80913048,
      "min": 61.11222834916,
      "max": 81.65100260916,
      "times": [
        65.91546565915999,
        77.77520057416,
        81.65100260916,
        77.72502536616,
        62.42495108916,
        74.86194846516,
        66.82123142716,
        61.11222834916,
        69.51552628616,
        80.67760396416
      ],
      "memory_usage_byte": [
        623169536,
        633409536,
        633409536,
        633409536,
        641593344,
        647467008,
        651382784,
        680112128,
        684036096,
        684036096
      ],
      "exit_codes": [
        0,
        0,
        0,
        0,
        0,
        0,
        0,
        0,
        0,
        0
      ]
    }
  ]
}
